{"cameraMode":{"drawMode":0,"name":"Shaded","section":"Shading Mode"},"sceneLighting":false,"audioPlay":false,"sceneViewState":{"m_AlwaysRefresh":false,"showFog":true,"showSkybox":false,"showFlares":true,"showImageEffects":true,"showParticleSystems":true,"showVisualEffectGraphs":true,"m_FxEnabled":true},"in2DMode":false,"pivot":{"x":1.2009601593017579,"y":5.278952121734619,"z":1.7630023956298829},"rotation":{"x":-0.06794598698616028,"y":0.9310015439987183,"z":-0.22961808741092683,"w":-0.2754914462566376},"size":7.2416768074035648,"orthographic":false}