{"cameraMode":{"drawMode":0,"name":"Shaded","section":"Shading Mode"},"sceneLighting":false,"audioPlay":false,"sceneViewState":{"m_AlwaysRefresh":false,"showFog":true,"showSkybox":false,"showFlares":true,"showImageEffects":true,"showParticleSystems":true,"showVisualEffectGraphs":true,"m_FxEnabled":true},"in2DMode":false,"pivot":{"x":-4.098494529724121,"y":0.8968040943145752,"z":-0.04377453029155731},"rotation":{"x":0.25946441292762759,"y":-0.015933971852064134,"z":0.004280966240912676,"w":0.9656258821487427},"size":1.428486943244934,"orthographic":false}